Tag_1,Tag_2,Count,Proportion
.net,.net-framework-version,32,0.02685217041058647
.net,alias,37,0.031047822037240602
.net,character-encoding,32,0.02685217041058647
.net,clone,39,0.03272608268790226
.net,code-organization,33,0.027691300735917294
.net,compiler-version,33,0.027691300735917294
.net,datetime,42,0.035243473663894735
.net,decimal,32,0.02685217041058647
.net,double,31,0.02601304008525564
.net,enumeration,33,0.027691300735917294
.net,enums,37,0.031047822037240602
.net,excel,31,0.02601304008525564
.net,exception,35,0.02936956138657895
.net,exception-handling,34,0.028530431061248123
.net,file-io,35,0.02936956138657895
.net,floating-point,36,0.030208691711909777
.net,loops,48,0.04027825561587971
.net,namespaces,34,0.028530431061248123
.net,nullreferenceexception,33,0.027691300735917294
.net,string,54,0.045313037567864665
.net,stylecop,32,0.02685217041058647
.net,types,37,0.031047822037240602
.net,vb.net,31,0.02601304008525564
.net,visual-studio,31,0.02601304008525564
.net-framework-version,compiler-version,5,0.004195651626654136
actionscript,coldfusion,6,0.005034781951984963
actionscript,soap,5,0.004195651626654136
actionscript,wsdl,7,0.00587391227731579
aix,mkdir,5,0.004195651626654136
ajax,asynchronous,15,0.012586954879962408
ajax,json,12,0.010069563903969927
ajax,security,14,0.01174782455463158
ajax,xmlhttprequest,10,0.008391303253308271
algorithm,2048,21,0.017621736831947368
algorithm,artificial-intelligence,20,0.016782606506616542
algorithm,big-o,26,0.021817388458601508
algorithm,complexity-theory,20,0.016782606506616542
algorithm,computer-science,22,0.0184608671572782
algorithm,javascript-objects,31,0.02601304008525564
algorithm,language-agnostic,32,0.02685217041058647
algorithm,logic,21,0.017621736831947368
algorithm,matching,21,0.017621736831947368
algorithm,sorting,24,0.020139127807939854
algorithm,time-complexity,30,0.025173909759924815
alignment,centering,5,0.004195651626654136
alignment,vertical-alignment,7,0.00587391227731579
android,android-activity,42,0.035243473663894735
android,android-context,42,0.035243473663894735
android,android-edittext,44,0.0369217343145564
android,android-emulator,43,0.03608260398922557
android,android-input-method,44,0.0369217343145564
android,android-layout,43,0.03608260398922557
android,android-networking,43,0.03608260398922557
android,android-scripting,45,0.037760864639887225
android,android-softkeyboard,43,0.03608260398922557
android,application-state,43,0.03608260398922557
android,ase,44,0.0369217343145564
android,certificate,43,0.03608260398922557
android,dimension,47,0.039439125290548875
android,dimensions,45,0.037760864639887225
android,eclipse,42,0.035243473663894735
android,focus,44,0.0369217343145564
android,genymotion,44,0.0369217343145564
android,image,42,0.035243473663894735
android,jython,43,0.03608260398922557
android,layout,45,0.037760864639887225
android,listview,44,0.0369217343145564
android,networkonmainthread,44,0.0369217343145564
android,performance,55,0.04615216789319549
android,pixel,44,0.0369217343145564
android,python,42,0.035243473663894735
android,qemu,45,0.037760864639887225
android,screen,43,0.03608260398922557
android,soft-keyboard,45,0.037760864639887225
android,textview,42,0.035243473663894735
android,uniqueidentifier,42,0.035243473663894735
android,units-of-measurement,49,0.04111738594121053
android,universal-image-loader,45,0.037760864639887225
android,url,55,0.04615216789319549
android,user-interface,45,0.037760864639887225
android,usermanager,43,0.03608260398922557
android-activity,application-state,3,0.0025173909759924817
android-edittext,android-input-method,7,0.00587391227731579
android-edittext,android-softkeyboard,6,0.005034781951984963
android-edittext,focus,7,0.00587391227731579
android-edittext,soft-keyboard,8,0.006713042602646617
android-emulator,genymotion,5,0.004195651626654136
android-emulator,qemu,6,0.005034781951984963
android-input-method,soft-keyboard,5,0.004195651626654136
android-layout,dimension,12,0.010069563903969927
android-layout,units-of-measurement,14,0.01174782455463158
android-layout,user-interface,10,0.008391303253308271
android-networking,networkonmainthread,4,0.0033565213013233086
android-softkeyboard,android-input-method,5,0.004195651626654136
android-softkeyboard,soft-keyboard,6,0.005034781951984963
angularjs,angularjs-factory,8,0.006713042602646617
angularjs,angularjs-provider,9,0.007552172927977444
angularjs,angularjs-service,7,0.00587391227731579
angularjs,data-binding,7,0.00587391227731579
angularjs,dependency-injection,8,0.006713042602646617
angularjs-factory,angularjs-provider,5,0.004195651626654136
angularjs-service,angularjs-factory,5,0.004195651626654136
angularjs-service,angularjs-provider,6,0.005034781951984963
apache-flex,actionscript,5,0.004195651626654136
apache-flex,coldfusion,7,0.00587391227731579
apache-flex,soap,6,0.005034781951984963
apache-flex,wsdl,8,0.006713042602646617
append,extend,5,0.004195651626654136
arguments,command-line-arguments,9,0.007552172927977444
arguments,default-parameters,12,0.010069563903969927
arguments,getopts,10,0.008391303253308271
arguments,logic,9,0.007552172927977444
arguments,operators,22,0.0184608671572782
arguments,symbols,10,0.008391303253308271
arraylist,collections,10,0.008391303253308271
arraylist,initialization,9,0.007552172927977444
arraylist,linked-list,7,0.00587391227731579
arraylist,type-conversion,13,0.010908694229300754
arrays,algorithm,22,0.0184608671572782
arrays,append,25,0.02097825813327068
arrays,arraylist,25,0.02097825813327068
arrays,comparison,25,0.02097825813327068
arrays,for-loop,31,0.02601304008525564
arrays,foreach,25,0.02097825813327068
arrays,iteration,37,0.031047822037240602
arrays,javascript-objects,33,0.027691300735917294
arrays,loops,39,0.03272608268790226
arrays,object,28,0.02349564910926316
arrays,printing,22,0.0184608671572782
arrays,sorting,26,0.021817388458601508
arrays,time-complexity,32,0.02685217041058647
arrays,type-conversion,29,0.024334779434593987
arrays,unset,25,0.02097825813327068
artificial-intelligence,2048,4,0.0033565213013233086
ase,android-scripting,5,0.004195651626654136
asp.net,ajax,14,0.01174782455463158
asp.net,json,8,0.006713042602646617
assembly,compiler-optimization,10,0.008391303253308271
assembly,fast-math,7,0.00587391227731579
assembly,floating-point,10,0.008391303253308271
assignment-operator,c++-faq,34,0.028530431061248123
assignment-operator,copy-and-swap,8,0.006713042602646617
assignment-operator,rule-of-three,8,0.006713042602646617
asynchronous,xmlhttprequest,5,0.004195651626654136
atomic,nonatomic,5,0.004195651626654136
attr,prop,5,0.004195651626654136
authentication,article,15,0.012586954879962408
authentication,git-config,11,0.0092304335786391
authentication,git-push,20,0.016782606506616542
authentication,github,12,0.010069563903969927
authentication,language-agnostic,21,0.017621736831947368
bash,arguments,40,0.033565213013233085
bash,command-line,43,0.03608260398922557
bash,concat,34,0.028530431061248123
bash,directory,49,0.04111738594121053
bash,echo,35,0.02936956138657895
bash,file-io,37,0.031047822037240602
bash,filenames,33,0.027691300735917294
bash,getopts,35,0.02936956138657895
bash,newline,37,0.031047822037240602
bash,posix,34,0.028530431061248123
bash,redirect,38,0.03188695236257143
bash,scripting,39,0.03272608268790226
bash,sh,35,0.02936956138657895
bash,shell,40,0.033565213013233085
bash,split,37,0.031047822037240602
bash,string,56,0.04699129821852632
bash,string-concatenation,38,0.03188695236257143
bash,substring,44,0.0369217343145564
bash,syntax,41,0.03440434333856391
bash,terminal-color,35,0.02936956138657895
bash,unix,36,0.030208691711909777
benchmarking,getline,6,0.005034781951984963
benchmarking,iostream,5,0.004195651626654136
big-o,time-complexity,14,0.01174782455463158
bit-manipulation,bitwise-operators,4,0.0033565213013233086
bower,webpack,5,0.004195651626654136
branch,feature-branch,15,0.012586954879962408
branch,git-branch,43,0.03608260398922557
branch,git-diff,20,0.016782606506616542
branch,git-fetch,28,0.02349564910926316
browser,autocomplete,6,0.005034781951984963
browser,background-color,7,0.00587391227731579
build-automation,executable-jar,5,0.004195651626654136
build-process,build-automation,5,0.004195651626654136
build-process,executable-jar,6,0.005034781951984963
button,anchor,5,0.004195651626654136
button,hyperlink,4,0.0033565213013233086
c,bit-manipulation,20,0.016782606506616542
c,bitwise-operators,21,0.017621736831947368
c,c-preprocessor,22,0.0184608671572782
c,casting,27,0.022656518783932333
c,code-formatting,24,0.020139127807939854
c,header-files,21,0.017621736831947368
c,include,26,0.021817388458601508
c,malloc,19,0.015943476181285714
c,operators,34,0.028530431061248123
c,optimization,30,0.025173909759924815
c,performance,32,0.02685217041058647
c,sqlite,20,0.016782606506616542
c,standards-compliance,26,0.021817388458601508
c,trigraphs,20,0.016782606506616542
c#,.net,64,0.05370434082117294
c#,.net-framework-version,56,0.04699129821852632
c#,alias,61,0.051186949845180456
c#,automatic-properties,57,0.04783042854385715
c#,case-insensitive,56,0.04699129821852632
c#,casting,62,0.05202608017051128
c#,character-encoding,56,0.04699129821852632
c#,clone,63,0.052865210495842106
c#,code-organization,57,0.04783042854385715
c#,compiler-version,57,0.04783042854385715
c#,constructor,56,0.04699129821852632
c#,contains,61,0.051186949845180456
c#,datetime,66,0.05538260147183459
c#,dictionary,67,0.056221731797165414
c#,enumeration,57,0.04783042854385715
c#,enums,61,0.051186949845180456
c#,excel,55,0.04615216789319549
c#,exception,59,0.0495086891945188
c#,exception-handling,58,0.04866955886918797
c#,file-io,59,0.0495086891945188
c#,getter,55,0.04615216789319549
c#,int,61,0.051186949845180456
c#,loops,72,0.060417383423819554
c#,namespaces,58,0.04866955886918797
c#,nullreferenceexception,57,0.04783042854385715
c#,random,61,0.051186949845180456
c#,setter,56,0.04699129821852632
c#,string,78,0.06545216537580452
c#,stylecop,56,0.04699129821852632
c#,types,61,0.051186949845180456
c#,vb.net,55,0.04615216789319549
c#,visual-studio,55,0.04615216789319549
c++,assignment-operator,77,0.06461303505047368
c++,benchmarking,71,0.05957825309848872
c++,bit-manipulation,71,0.05957825309848872
c++,bitwise-operators,72,0.060417383423819554
c++,branch-prediction,77,0.06461303505047368
c++,c,73,0.06125651374915038
c++,c++-faq,99,0.08307390220775189
c++,c++11,73,0.06125651374915038
c++,c-preprocessor,73,0.06125651374915038
c++,casting,78,0.06545216537580452
c++,code-formatting,75,0.06293477439981203
c++,compiler-optimization,76,0.06377390472514285
c++,constructor,72,0.060417383423819554
c++,copy-and-swap,73,0.06125651374915038
c++,copy-constructor,71,0.05957825309848872
c++,explicit,71,0.05957825309848872
c++,explicit-constructor,73,0.06125651374915038
c++,getline,73,0.06125651374915038
c++,header-files,72,0.060417383423819554
c++,include,77,0.06461303505047368
c++,iostream,72,0.060417383423819554
c++,language-lawyer,72,0.060417383423819554
c++,linux,70,0.0587391227731579
c++,memory-model,73,0.06125651374915038
c++,multithreading,71,0.05957825309848872
c++,namespaces,74,0.062095644074481204
c++,operator-overloading,71,0.05957825309848872
c++,operators,85,0.0713260776531203
c++,optimization,81,0.067969556351797
c++,performance,83,0.06964781700245865
c++,pointers,72,0.060417383423819554
c++,profiling,71,0.05957825309848872
c++,reference,72,0.060417383423819554
c++,rule-of-three,73,0.06125651374915038
c++,smart-pointers,72,0.060417383423819554
c++,split,75,0.06293477439981203
c++,standards-compliance,77,0.06461303505047368
c++,std,71,0.05957825309848872
c++,string,94,0.07887825058109775
c++,templates,70,0.0587391227731579
c++,undefined-reference,71,0.05957825309848872
c++,using-directives,72,0.060417383423819554
c++,vectorization,72,0.060417383423819554
c++,x86,71,0.05957825309848872
c++-faq,copy-and-swap,7,0.00587391227731579
c++-faq,explicit-constructor,7,0.00587391227731579
c++-faq,rule-of-three,7,0.00587391227731579
c++11,c++-faq,34,0.028530431061248123
c++11,language-lawyer,7,0.00587391227731579
c++11,memory-model,8,0.006713042602646617
c++11,smart-pointers,7,0.00587391227731579
caching,flash-cs4,6,0.005034781951984963
caching,git-rm,17,0.014265215530624062
caching,gitignore,11,0.0092304335786391
caching,version-control,23,0.019299997482609025
capturing-group,regex-group,3,0.0025173909759924817
casting,assignment-operator,14,0.01174782455463158
casting,c++-faq,36,0.030208691711909777
casting,int,14,0.01174782455463158
casting,operators,22,0.0184608671572782
casting,variable-assignment,9,0.007552172927977444
changeset,git-hash,5,0.004195651626654136
checkbox,checked,6,0.005034781951984963
checkbox,selected,5,0.004195651626654136
cherry-pick,git-cherry-pick,3,0.0025173909759924817
class,class-variables,12,0.010069563903969927
class,inheritance,11,0.0092304335786391
class,oop,17,0.014265215530624062
class,scope,23,0.019299997482609025
class,static,11,0.0092304335786391
class,super,12,0.010069563903969927
clipboard,copy-paste,3,0.0025173909759924817
clone,javascript-objects,14,0.01174782455463158
cocoa-touch,text-alignment,7,0.00587391227731579
cocoa-touch,uikit,5,0.004195651626654136
cocoa-touch,uilabel,6,0.005034781951984963
code-formatting,standards-compliance,10,0.008391303253308271
coldfusion,wsdl,5,0.004195651626654136
collections,arraylist,11,0.0092304335786391
collections,hashmap,10,0.008391303253308271
collections,hashtable,9,0.007552172927977444
collections,initialization,11,0.0092304335786391
collections,iteration,23,0.019299997482609025
collections,linked-list,9,0.007552172927977444
command-line,arguments,21,0.017621736831947368
command-line,copy,18,0.015104345855954888
command-line,echo,16,0.013426085205293235
command-line,format,15,0.012586954879962408
command-line,getopts,16,0.013426085205293235
command-line,import,19,0.015943476181285714
command-line,path-variables,14,0.01174782455463158
command-line,pretty-print,18,0.015104345855954888
command-line,scp,15,0.012586954879962408
command-line,scripting,20,0.016782606506616542
command-line,terminal,21,0.017621736831947368
command-line,terminal-color,16,0.013426085205293235
comparison,undefined,14,0.01174782455463158
compiler-optimization,fast-math,5,0.004195651626654136
complexity-theory,big-o,14,0.01174782455463158
complexity-theory,computer-science,10,0.008391303253308271
complexity-theory,time-complexity,18,0.015104345855954888
computer-science,big-o,12,0.010069563903969927
computer-science,time-complexity,16,0.013426085205293235
concat,string-concatenation,8,0.006713042602646617
constructor,automatic-properties,10,0.008391303253308271
constructor,c++-faq,36,0.030208691711909777
constructor,explicit,8,0.006713042602646617
constructor,explicit-constructor,10,0.008391303253308271
constructor,getter,8,0.006713042602646617
constructor,setter,9,0.007552172927977444
containers,virtual-machine,4,0.0033565213013233086
containers,virtualization,5,0.004195651626654136
contains,case-insensitive,5,0.004195651626654136
contains,string-matching,12,0.010069563903969927
copy,clone,14,0.01174782455463158
copy,file-copying,10,0.008391303253308271
copy,filesystems,7,0.00587391227731579
copy,scp,7,0.00587391227731579
copy-constructor,assignment-operator,14,0.01174782455463158
copy-constructor,c++-faq,36,0.030208691711909777
copy-constructor,copy-and-swap,10,0.008391303253308271
copy-constructor,rule-of-three,10,0.008391303253308271
cors,flask-restless,6,0.005034781951984963
cors,same-origin-policy,5,0.004195651626654136
cross-browser,highlight,10,0.008391303253308271
cross-browser,textselection,10,0.008391303253308271
css,alignment,35,0.02936956138657895
css,centering,31,0.02601304008525564
css,cross-browser,34,0.028530431061248123
css,css-selectors,30,0.025173909759924815
css,css-shapes,31,0.02601304008525564
css,css-transitions,29,0.024334779434593987
css,geometry,29,0.024334779434593987
css,height,30,0.025173909759924815
css,highlight,34,0.028530431061248123
css,html,39,0.03272608268790226
css,html-input,33,0.027691300735917294
css,html-table,34,0.028530431061248123
css,margin,30,0.025173909759924815
css,opacity,30,0.025173909759924815
css,padding,29,0.024334779434593987
css,placeholder,30,0.025173909759924815
css,polygon,30,0.025173909759924815
css,sass,29,0.024334779434593987
css,textselection,34,0.028530431061248123
css,vertical-alignment,33,0.027691300735917294
css,width,30,0.025173909759924815
csv,group-concat,6,0.005034781951984963
csv,string-concatenation,9,0.007552172927977444
curl,http-headers,10,0.008391303253308271
curl,youtube,6,0.005034781951984963
curl,youtube-api,7,0.00587391227731579
curl,youtube-data-api,8,0.006713042602646617
data-structures,append,8,0.006713042602646617
data-structures,extend,7,0.00587391227731579
data-structures,unset,8,0.006713042602646617
database,database-indexes,10,0.008391303253308271
database,indexing,13,0.010908694229300754
database,inner-join,9,0.007552172927977444
database,join,8,0.006713042602646617
database,outer-join,10,0.008391303253308271
database,performance,20,0.016782606506616542
dataframe,rename,5,0.004195651626654136
date,compare,11,0.0092304335786391
date,date-formatting,12,0.010069563903969927
date,datetime,21,0.017621736831947368
date,timestamp,13,0.010908694229300754
date,unix-timestamp,12,0.010069563903969927
datetime,compare,13,0.010908694229300754
datetime,datetimeoffset,14,0.01174782455463158
datetime,dst,13,0.010908694229300754
datetime,sqldatatypes,13,0.010908694229300754
datetime,time,12,0.010069563903969927
datetime,timestamp,15,0.012586954879962408
datetime,timezone,11,0.0092304335786391
datetime,unix-timestamp,14,0.01174782455463158
datetime,utc,12,0.010069563903969927
decorator,python-decorators,6,0.005034781951984963
default-parameters,least-astonishment,4,0.0033565213013233086
delay,sleep,5,0.004195651626654136
delay,timedelay,5,0.004195651626654136
delete-file,git-rm,14,0.01174782455463158
dependencies,package.json,6,0.005034781951984963
dependency-injection,angularjs-factory,7,0.00587391227731579
dependency-injection,angularjs-provider,8,0.006713042602646617
dependency-injection,angularjs-service,6,0.005034781951984963
dependency-injection,terminology,15,0.012586954879962408
design-patterns,dependency-injection,10,0.008391303253308271
design-patterns,inversion-of-control,9,0.007552172927977444
design-patterns,language-agnostic,21,0.017621736831947368
design-patterns,mvp,11,0.0092304335786391
design-patterns,singleton,8,0.006713042602646617
design-patterns,terminology,18,0.015104345855954888
dictionary,collections,17,0.014265215530624062
dictionary,data-structures,19,0.015943476181285714
dictionary,iteration,28,0.02349564910926316
dictionary,lookup,13,0.010908694229300754
dictionary,loops,30,0.025173909759924815
dictionary,merge,15,0.012586954879962408
dictionary,typeof,14,0.01174782455463158
dictionary,types,19,0.015943476181285714
dictionary,unset,16,0.013426085205293235
diff,dvcs,5,0.004195651626654136
diff,git-diff,12,0.010069563903969927
diff,git-stage,7,0.00587391227731579
dimension,units-of-measurement,10,0.008391303253308271
directory,chmod,11,0.0092304335786391
directory,delete-file,12,0.010069563903969927
directory,find,14,0.01174782455463158
directory,git-add,9,0.007552172927977444
directory,operating-system,10,0.008391303253308271
docker,containers,7,0.00587391227731579
docker,docker-container,7,0.00587391227731579
docker,dockerfile,7,0.00587391227731579
docker,file-copying,12,0.010069563903969927
docker,virtual-machine,8,0.006713042602646617
docker,virtualization,9,0.007552172927977444
docker-container,file-copying,7,0.00587391227731579
dom,attr,9,0.007552172927977444
dom,drop-down-menu,9,0.007552172927977444
dom,jquery-selectors,16,0.013426085205293235
dom,prop,10,0.008391303253308271
dom,visibility,12,0.010069563903969927
dom-events,event-propagation,5,0.004195651626654136
double,decimal,4,0.0033565213013233086
drop-down-menu,jquery-selectors,11,0.0092304335786391
dst,datetimeoffset,5,0.004195651626654136
dvcs,git-diff,11,0.0092304335786391
dvcs,git-stage,6,0.005034781951984963
dynamic-languages,prototype-oriented,3,0.0025173909759924817
echo,newline,8,0.006713042602646617
echo,terminal-color,6,0.005034781951984963
eclipse,certificate,3,0.0025173909759924817
ecmascript-6,let,6,0.005034781951984963
ecmascript-6,var,9,0.007552172927977444
editor,commit-message,7,0.00587391227731579
editor,indentation,5,0.004195651626654136
editor,vi,11,0.0092304335786391
emacs,commit-message,6,0.005034781951984963
emacs,editor,6,0.005034781951984963
email,email-validation,10,0.008391303253308271
email,string-parsing,7,0.00587391227731579
email-validation,string-parsing,5,0.004195651626654136
encode,urlencode,4,0.0033565213013233086
enums,casting,14,0.01174782455463158
enums,enumeration,9,0.007552172927977444
enums,int,13,0.010908694229300754
equality,equality-operator,10,0.008391303253308271
equality,identity-operator,12,0.010069563903969927
equality-operator,identity-operator,10,0.008391303253308271
error-handling,return,4,0.0033565213013233086
error-handling,try-catch-finally,5,0.004195651626654136
escaping,newline,8,0.006713042602646617
escaping,vi,10,0.008391303253308271
event-handling,dom-events,5,0.004195651626654136
event-handling,event-propagation,6,0.005034781951984963
excel,file-io,7,0.00587391227731579
exception,assert,12,0.010069563903969927
exception,directory,26,0.021817388458601508
exception,exception-handling,13,0.010908694229300754
exception,junit,10,0.008391303253308271
exception,junit4,11,0.0092304335786391
exception,operating-system,12,0.010069563903969927
exception,path,10,0.008391303253308271
explicit,c++-faq,32,0.02685217041058647
explicit,explicit-constructor,6,0.005034781951984963
export,git-archive,4,0.0033565213013233086
export,svn-export,5,0.004195651626654136
file,copy,16,0.013426085205293235
file,file-copying,16,0.013426085205293235
file,file-exists,14,0.01174782455463158
file,filesystems,13,0.010908694229300754
file,import,17,0.014265215530624062
file,include,18,0.015104345855954888
file,readlines,13,0.010908694229300754
file-io,delete-file,10,0.008391303253308271
file-io,directory,22,0.0184608671572782
file-io,git-checkout,14,0.01174782455463158
file-io,scripting,12,0.010069563903969927
filesystems,file-copying,7,0.00587391227731579
flash,caching,4,0.0033565213013233086
flash,flash-cs4,4,0.0033565213013233086
floating-point,compiler-optimization,14,0.01174782455463158
floating-point,decimal,10,0.008391303253308271
floating-point,double,9,0.007552172927977444
floating-point,fast-math,11,0.0092304335786391
floating-point,floating-accuracy,10,0.008391303253308271
floating-point,integer,18,0.015104345855954888
floating-point,type-conversion,16,0.013426085205293235
for-loop,each,6,0.005034781951984963
for-loop,iteration,20,0.016782606506616542
for-loop,system.out,7,0.00587391227731579
foreach,iteration,20,0.016782606506616542
foreach,php-internals,7,0.00587391227731579
format,pretty-print,7,0.00587391227731579
formatting,currency,5,0.004195651626654136
formatting,integer,14,0.01174782455463158
formatting,numbers,7,0.00587391227731579
forms,autocomplete,5,0.004195651626654136
forms,browser,10,0.008391303253308271
full-text-search,highlight,7,0.00587391227731579
function,arguments,26,0.021817388458601508
function,closures,27,0.022656518783932333
function,default-parameters,23,0.019299997482609025
function,dynamic,20,0.016782606506616542
function,idioms,31,0.02601304008525564
function,parameters,19,0.015943476181285714
function,scope,32,0.02685217041058647
function,syntax,27,0.022656518783932333
function,var,24,0.020139127807939854
function,variables,26,0.021817388458601508
gcc,assembly,5,0.004195651626654136
gcc,compiler-optimization,11,0.0092304335786391
gcc,fast-math,8,0.006713042602646617
gcc,floating-point,11,0.0092304335786391
generator,coroutine,12,0.010069563903969927
generator,yield,10,0.008391303253308271
genymotion,qemu,5,0.004195651626654136
geometry,css-shapes,5,0.004195651626654136
geometry,polygon,4,0.0033565213013233086
getter,automatic-properties,6,0.005034781951984963
getter,setter,5,0.004195651626654136
git,authentication,203,0.17034345604215792
git,branch,209,0.17537823799414287
git,branching-and-merging,205,0.17202171669281957
git,caching,200,0.16782606506616543
git,changeset,201,0.16866519539149627
git,cherry-pick,199,0.1669869347408346
git,chmod,203,0.17034345604215792
git,command-line,210,0.1762173683194737
git,commit,199,0.1669869347408346
git,commit-message,202,0.16950432571682708
git,delete-file,204,0.17118258636748873
git,diff,199,0.1669869347408346
git,directory,216,0.18125215027145866
git,dvcs,200,0.16782606506616543
git,editor,202,0.16950432571682708
git,emacs,200,0.16782606506616543
git,export,199,0.1669869347408346
git,feature-branch,202,0.16950432571682708
git,file-io,204,0.17118258636748873
git,git-add,201,0.16866519539149627
git,git-amend,204,0.17118258636748873
git,git-archive,200,0.16782606506616543
git,git-branch,230,0.19299997482609024
git,git-checkout,208,0.17453910766881206
git,git-cherry-pick,200,0.16782606506616543
git,git-clone,205,0.17202171669281957
git,git-commit,206,0.17286084701815038
git,git-config,202,0.16950432571682708
git,git-diff,207,0.17369997734348122
git,git-fetch,215,0.18041301994612785
git,git-filter-branch,200,0.16782606506616543
git,git-fork,202,0.16950432571682708
git,git-hash,202,0.16950432571682708
git,git-log,201,0.16866519539149627
git,git-merge,206,0.17286084701815038
git,git-merge-conflict,207,0.17369997734348122
git,git-pull,208,0.17453910766881206
git,git-push,211,0.17705649864480452
git,git-rebase,201,0.16866519539149627
git,git-remote,214,0.179573889620797
git,git-reset,207,0.17369997734348122
git,git-revert,204,0.17118258636748873
git,git-rewrite-history,206,0.17286084701815038
git,git-rm,211,0.17705649864480452
git,git-show,201,0.16866519539149627
git,git-squash,201,0.16866519539149627
git,git-stage,202,0.16950432571682708
git,git-stash,204,0.17118258636748873
git,git-submodules,201,0.16866519539149627
git,git-tag,203,0.17034345604215792
git,github,203,0.17034345604215792
git,gitignore,205,0.17202171669281957
git,ignore,199,0.1669869347408346
git,macos,200,0.16782606506616543
git,merge-conflict-resolution,202,0.16950432571682708
git,overwrite,202,0.16950432571682708
git,pull-request,201,0.16866519539149627
git,rebase,201,0.16866519539149627
git,recovery,199,0.1669869347408346
git,remote-branch,205,0.17202171669281957
git,remote-server,200,0.16782606506616543
git,repository,201,0.16866519539149627
git,revert,199,0.1669869347408346
git,squash,200,0.16782606506616543
git,svn-export,201,0.16866519539149627
git,terminal,207,0.17369997734348122
git,tfs,199,0.1669869347408346
git,tfs-workitem,200,0.16782606506616543
git,undo,209,0.17537823799414287
git,updates,200,0.16782606506616543
git,url,212,0.17789562897013536
git,version-control,217,0.1820912805967895
git,vim,199,0.1669869347408346
git-archive,svn-export,4,0.0033565213013233086
git-branch,branching-and-merging,24,0.020139127807939854
git-branch,git-clone,24,0.020139127807939854
git-branch,git-diff,26,0.021817388458601508
git-branch,git-fetch,34,0.028530431061248123
git-branch,git-merge,25,0.02097825813327068
git-branch,git-push,30,0.025173909759924815
git-branch,git-remote,33,0.027691300735917294
git-branch,git-reset,26,0.021817388458601508
git-branch,git-stash,23,0.019299997482609025
git-branch,remote-branch,24,0.020139127807939854
git-checkout,git-reset,15,0.012586954879962408
git-checkout,git-revert,12,0.010069563903969927
git-checkout,remote-branch,13,0.010908694229300754
git-clone,git-tag,7,0.00587391227731579
git-clone,remote-branch,9,0.007552172927977444
git-commit,git-amend,12,0.010069563903969927
git-commit,git-rewrite-history,14,0.01174782455463158
git-commit,undo,17,0.014265215530624062
git-diff,git-log,6,0.005034781951984963
git-diff,git-show,6,0.005034781951984963
git-diff,git-stage,7,0.00587391227731579
git-filter-branch,git-rewrite-history,9,0.007552172927977444
git-merge,branching-and-merging,13,0.010908694229300754
git-merge,git-merge-conflict,15,0.012586954879962408
git-merge,merge-conflict-resolution,10,0.008391303253308271
git-pull,git-fetch,21,0.017621736831947368
git-push,git-config,9,0.007552172927977444
git-push,git-remote,21,0.017621736831947368
git-push,git-tag,10,0.008391303253308271
git-rebase,git-reset,11,0.0092304335786391
git-rebase,undo,13,0.010908694229300754
git-reset,git-revert,8,0.006713042602646617
git-rewrite-history,git-amend,8,0.006713042602646617
git-stash,git-reset,10,0.008391303253308271
github,branch,23,0.019299997482609025
github,feature-branch,16,0.013426085205293235
github,git-config,16,0.013426085205293235
github,git-fork,16,0.013426085205293235
github,git-push,25,0.02097825813327068
github,git-remote,28,0.02349564910926316
github,github-flavored-markdown,14,0.01174782455463158
github,markdown,13,0.010908694229300754
github,pull-request,15,0.012586954879962408
github,readme,15,0.012586954879962408
github,updates,14,0.01174782455463158
github,version-control,31,0.02601304008525564
github-flavored-markdown,readme,4,0.0033565213013233086
gitignore,git-rm,16,0.013426085205293235
global-variables,scope,16,0.013426085205293235
graph,matplotlib,5,0.004195651626654136
graph,plot,6,0.005034781951984963
graph,visualization,7,0.00587391227731579
grep,command-line-interface,8,0.006713042602646617
grep,directory,23,0.019299997482609025
grep,find,13,0.010908694229300754
gruntjs,bower,7,0.00587391227731579
gruntjs,gulp,6,0.005034781951984963
gruntjs,npm,11,0.0092304335786391
gruntjs,webpack,8,0.006713042602646617
guid,uuid,3,0.0025173909759924817
gulp,bower,5,0.004195651626654136
gulp,webpack,6,0.005034781951984963
hashmap,hashtable,5,0.004195651626654136
hashmap,iteration,19,0.015943476181285714
header-files,c-preprocessor,5,0.004195651626654136
heap,dynamic-memory-allocation,10,0.008391303253308271
highlight,textselection,8,0.006713042602646617
html,alignment,55,0.04615216789319549
html,anchor,51,0.04279564659187218
html,autocomplete,51,0.04279564659187218
html,background-color,52,0.043634776917203015
html,browser,56,0.04699129821852632
html,button,49,0.04111738594121053
html,centering,51,0.04279564659187218
html,checkbox,53,0.04447390724253384
html,cross-browser,54,0.045313037567864665
html,css,61,0.051186949845180456
html,dom,58,0.04866955886918797
html,forms,49,0.04111738594121053
html,friendly-url,52,0.043634776917203015
html,height,50,0.04195651626654136
html,href,52,0.043634776917203015
html,html-input,53,0.04447390724253384
html,html-table,54,0.045313037567864665
html,hyperlink,50,0.04195651626654136
html,jquery,77,0.06461303505047368
html,jquery-selectors,58,0.04866955886918797
html,layout,52,0.043634776917203015
html,local-storage,50,0.04195651626654136
html,opacity,50,0.04195651626654136
html,optimization,60,0.05034781951984963
html,performance,62,0.05202608017051128
html,placeholder,50,0.04195651626654136
html,radio-button,52,0.043634776917203015
html,url,62,0.05202608017051128
html,url-rewriting,51,0.04279564659187218
html,vertical-alignment,53,0.04447390724253384
html,width,50,0.04195651626654136
html-input,disabled-input,4,0.0033565213013233086
html-table,alignment,8,0.006713042602646617
http,article,34,0.028530431061248123
http,authentication,31,0.02601304008525564
http,browser,34,0.028530431061248123
http,definition,28,0.02349564910926316
http,http-get,28,0.02349564910926316
http,httprequest,28,0.02349564910926316
http,httpurlconnection,29,0.024334779434593987
http,language-agnostic,40,0.033565213013233085
http,post,30,0.025173909759924815
http,put,32,0.02685217041058647
http,rest,30,0.025173909759924815
http,rfc3986,30,0.025173909759924815
http,uri,28,0.02349564910926316
http,url,40,0.033565213013233085
http,urlconnection,30,0.025173909759924815
http,urn,29,0.024334779434593987
http-headers,content-type,10,0.008391303253308271
http-headers,http-response-codes,10,0.008391303253308271
http-headers,http-status-code-401,9,0.007552172927977444
http-headers,http-status-code-403,7,0.00587391227731579
http-headers,http-status-codes,8,0.006713042602646617
http-status-code-401,http-response-codes,5,0.004195651626654136
http-status-code-403,http-response-codes,7,0.00587391227731579
http-status-code-403,http-status-code-401,6,0.005034781951984963
http-status-code-403,http-status-codes,5,0.004195651626654136
http-status-codes,http-response-codes,6,0.005034781951984963
http-status-codes,http-status-code-401,5,0.004195651626654136
httprequest,httpurlconnection,5,0.004195651626654136
httprequest,urlconnection,6,0.005034781951984963
httpurlconnection,urlconnection,5,0.004195651626654136
hyperlink,anchor,4,0.0033565213013233086
ignore,chmod,6,0.005034781951984963
image,listview,6,0.005034781951984963
image,universal-image-loader,7,0.00587391227731579
image,url,17,0.014265215530624062
implements,java-threads,5,0.004195651626654136
import,include,10,0.008391303253308271
include,c-preprocessor,6,0.005034781951984963
include,header-files,5,0.004195651626654136
indentation,vi,9,0.007552172927977444
indexing,database-indexes,5,0.004195651626654136
inheritance,super,5,0.004195651626654136
initialization,undefined,14,0.01174782455463158
inner-join,outer-join,5,0.004195651626654136
installation,easy-install,8,0.006713042602646617
installation,homebrew,6,0.005034781951984963
installation,pip,8,0.006713042602646617
installation,versioning,5,0.004195651626654136
int,type-conversion,10,0.008391303253308271
io,inputstream,6,0.005034781951984963
io,stream,5,0.004195651626654136
ios,atomic,11,0.0092304335786391
ios,cocoa-touch,9,0.007552172927977444
ios,nonatomic,12,0.010069563903969927
ios,objective-c,9,0.007552172927977444
ios,properties,10,0.008391303253308271
ios,text-alignment,12,0.010069563903969927
ios,uikit,10,0.008391303253308271
ios,uilabel,11,0.0092304335786391
iostream,getline,5,0.004195651626654136
iteration,php-internals,5,0.004195651626654136
iterator,coroutine,14,0.01174782455463158
iterator,generator,10,0.008391303253308271
iterator,yield,12,0.010069563903969927
java,access-modifiers,110,0.09230433578639098
java,android,108,0.09062607513572933
java,android-networking,108,0.09062607513572933
java,annotations,109,0.09146520546106016
java,arraylist,111,0.0931434661117218
java,arrays,124,0.10405216034102256
java,assert,110,0.09230433578639098
java,assignment-operator,114,0.0956608570877143
java,branch-prediction,114,0.0956608570877143
java,build-automation,109,0.09146520546106016
java,build-process,108,0.09062607513572933
java,c++,109,0.09146520546106016
java,casting,115,0.09649998741304512
java,char,110,0.09230433578639098
java,collections,112,0.09398259643705265
java,constructor,109,0.09146520546106016
java,dictionary,120,0.10069563903969926
java,enums,114,0.0956608570877143
java,error-handling,107,0.0897869448103985
java,exception,112,0.09398259643705265
java,executable-jar,110,0.09230433578639098
java,for-loop,117,0.09817824806370677
java,hashmap,110,0.09230433578639098
java,hashtable,109,0.09146520546106016
java,http,110,0.09230433578639098
java,httprequest,108,0.09062607513572933
java,httpurlconnection,109,0.09146520546106016
java,implements,109,0.09146520546106016
java,initialization,111,0.0931434661117218
java,inputstream,110,0.09230433578639098
java,int,114,0.0956608570877143
java,integer,117,0.09817824806370677
java,io,108,0.09062607513572933
java,iteration,123,0.10321303001569174
java,java-threads,110,0.09230433578639098
java,javabeans,107,0.0897869448103985
java,junit,108,0.09062607513572933
java,junit4,109,0.09146520546106016
java,linked-list,109,0.09146520546106016
java,loops,125,0.10489129066635339
java,maven-2,107,0.0897869448103985
java,memory,107,0.0897869448103985
java,memory-leaks,108,0.09062607513572933
java,methods,110,0.09230433578639098
java,multithreading,108,0.09062607513572933
java,nested-loops,108,0.09062607513572933
java,networkonmainthread,109,0.09146520546106016
java,nullpointerexception,107,0.0897869448103985
java,operators,122,0.10237389969036091
java,optimization,118,0.0990173783890376
java,parameter-passing,114,0.0956608570877143
java,pass-by-reference,115,0.09649998741304512
java,pass-by-value,114,0.0956608570877143
java,passwords,109,0.09146520546106016
java,performance,120,0.10069563903969926
java,printing,108,0.09062607513572933
java,private,107,0.0897869448103985
java,protected,109,0.09146520546106016
java,public,108,0.09062607513572933
java,random,114,0.0956608570877143
java,reflection,107,0.0897869448103985
java,return,108,0.09062607513572933
java,runnable,108,0.09062607513572933
java,security,114,0.0956608570877143
java,serializable,108,0.09062607513572933
java,serialization,107,0.0897869448103985
java,serialversionuid,108,0.09062607513572933
java,spring,107,0.0897869448103985
java,spring-mvc,110,0.09230433578639098
java,stream,109,0.09146520546106016
java,string,131,0.10992607261833835
java,system.out,110,0.09230433578639098
java,tdd,108,0.09062607513572933
java,terminology,117,0.09817824806370677
java,try-catch-finally,109,0.09146520546106016
java,type-conversion,115,0.09649998741304512
java,unit-testing,107,0.0897869448103985
java,urlconnection,110,0.09230433578639098
java,usermanager,108,0.09062607513572933
java,variable-assignment,109,0.09146520546106016
javabeans,serializable,3,0.0025173909759924817
javascript,ajax,297,0.24922170662325566
javascript,algorithm,287,0.24083040336994738
javascript,angularjs,288,0.24166953369527822
javascript,append,290,0.24334779434593987
javascript,arguments,294,0.24670431564726317
javascript,arrays,303,0.25425648857524064
javascript,asynchronous,294,0.24670431564726317
javascript,attr,288,0.24166953369527822
javascript,capitalize,288,0.24166953369527822
javascript,checkbox,290,0.24334779434593987
javascript,checked,289,0.24250866402060903
javascript,click,287,0.24083040336994738
javascript,clipboard,286,0.23999127304461654
javascript,clone,295,0.24754344597259398
javascript,closures,295,0.24754344597259398
javascript,command-line-arguments,288,0.24166953369527822
javascript,compare,288,0.24166953369527822
javascript,comparison,290,0.24334779434593987
javascript,conventions,287,0.24083040336994738
javascript,copy-paste,287,0.24083040336994738
javascript,cors,287,0.24083040336994738
javascript,cross-browser,291,0.24418692467127068
javascript,css,298,0.2500608369485865
javascript,css-selectors,287,0.24083040336994738
javascript,currency,287,0.24083040336994738
javascript,data-binding,287,0.24083040336994738
javascript,date,292,0.24502605499660152
javascript,date-formatting,289,0.24250866402060903
javascript,datetime,298,0.2500608369485865
javascript,decimal-point,287,0.24083040336994738
javascript,default-parameters,291,0.24418692467127068
javascript,disabled-input,288,0.24166953369527822
javascript,dom,295,0.24754344597259398
javascript,dom-events,288,0.24166953369527822
javascript,drop-down-menu,288,0.24166953369527822
javascript,dynamic,288,0.24166953369527822
javascript,dynamic-languages,286,0.23999127304461654
javascript,each,288,0.24166953369527822
javascript,ecmascript-6,288,0.24166953369527822
javascript,email,290,0.24334779434593987
javascript,email-validation,292,0.24502605499660152
javascript,encode,287,0.24083040336994738
javascript,enums,293,0.24586518532193233
javascript,equality,289,0.24250866402060903
javascript,equality-operator,291,0.24418692467127068
javascript,event-handling,287,0.24083040336994738
javascript,event-propagation,289,0.24250866402060903
javascript,file,292,0.24502605499660152
javascript,flask-restless,289,0.24250866402060903
javascript,for-loop,296,0.24838257629792482
javascript,foreach,290,0.24334779434593987
javascript,formatting,287,0.24083040336994738
javascript,friendly-url,289,0.24250866402060903
javascript,function,293,0.24586518532193233
javascript,guid,286,0.23999127304461654
javascript,heredoc,288,0.24166953369527822
javascript,href,289,0.24250866402060903
javascript,html,296,0.24838257629792482
javascript,html-input,290,0.24334779434593987
javascript,html-select,286,0.23999127304461654
javascript,html-table,291,0.24418692467127068
javascript,identity-operator,293,0.24586518532193233
javascript,idioms,299,0.2508999672739173
javascript,import,292,0.24502605499660152
javascript,include,293,0.24586518532193233
javascript,initialization,290,0.24334779434593987
javascript,integer,296,0.24838257629792482
javascript,is-empty,287,0.24083040336994738
javascript,iteration,302,0.2534173582499098
javascript,javascript-objects,298,0.2500608369485865
javascript,jquery,314,0.2634869221538797
javascript,jquery-selectors,295,0.24754344597259398
javascript,jslint,289,0.24250866402060903
javascript,json,291,0.24418692467127068
javascript,jsonp,287,0.24083040336994738
javascript,layout,289,0.24250866402060903
javascript,let,289,0.24250866402060903
javascript,letter,287,0.24083040336994738
javascript,local-storage,287,0.24083040336994738
javascript,loops,304,0.2550956189005714
javascript,multiline,287,0.24083040336994738
javascript,node.js,287,0.24083040336994738
javascript,numbers,289,0.24250866402060903
javascript,object,293,0.24586518532193233
javascript,object-property,288,0.24166953369527822
javascript,operators,301,0.25257822792457896
javascript,optimization,297,0.24922170662325566
javascript,pageload,287,0.24083040336994738
javascript,parameters,287,0.24083040336994738
javascript,performance,299,0.2508999672739173
javascript,plugins,287,0.24083040336994738
javascript,pretty-print,291,0.24418692467127068
javascript,printf,286,0.23999127304461654
javascript,prop,289,0.24250866402060903
javascript,prototype-oriented,287,0.24083040336994738
javascript,query-string,288,0.24166953369527822
javascript,radio-button,289,0.24250866402060903
javascript,random,293,0.24586518532193233
javascript,redirect,292,0.24502605499660152
javascript,refresh,287,0.24083040336994738
javascript,regex,286,0.23999127304461654
javascript,reload,288,0.24166953369527822
javascript,replace,290,0.24334779434593987
javascript,rounding,286,0.23999127304461654
javascript,same-origin-policy,288,0.24166953369527822
javascript,scope,300,0.2517390975992481
javascript,scroll,287,0.24083040336994738
javascript,security,293,0.24586518532193233
javascript,selected,288,0.24166953369527822
javascript,sleep,288,0.24166953369527822
javascript,slice,288,0.24166953369527822
javascript,sorting,291,0.24418692467127068
javascript,string,310,0.2601304008525564
javascript,string-matching,295,0.24754344597259398
javascript,string.format,287,0.24083040336994738
javascript,substring,298,0.2500608369485865
javascript,syntax,295,0.24754344597259398
javascript,terminology,296,0.24838257629792482
javascript,time-complexity,297,0.24922170662325566
javascript,timestamp,290,0.24334779434593987
javascript,trim,287,0.24083040336994738
javascript,undefined,298,0.2500608369485865
javascript,unix-timestamp,289,0.24250866402060903
javascript,url,299,0.2508999672739173
javascript,url-rewriting,288,0.24166953369527822
javascript,urlencode,288,0.24166953369527822
javascript,use-strict,291,0.24418692467127068
javascript,uuid,287,0.24083040336994738
javascript,validation,289,0.24250866402060903
javascript,var,292,0.24502605499660152
javascript,variables,294,0.24670431564726317
javascript,visibility,291,0.24418692467127068
javascript,web-applications,287,0.24083040336994738
javascript,xmlhttprequest,289,0.24250866402060903
join,inner-join,5,0.004195651626654136
join,outer-join,6,0.005034781951984963
jquery,ajax,67,0.056221731797165414
jquery,angularjs,58,0.04866955886918797
jquery,arrays,73,0.06125651374915038
jquery,asp.net,56,0.04699129821852632
jquery,asynchronous,64,0.05370434082117294
jquery,attr,58,0.04866955886918797
jquery,checkbox,60,0.05034781951984963
jquery,checked,59,0.0495086891945188
jquery,click,57,0.04783042854385715
jquery,cors,57,0.04783042854385715
jquery,cross-browser,61,0.051186949845180456
jquery,disabled-input,58,0.04866955886918797
jquery,dom,65,0.054543471146503764
jquery,dom-events,58,0.04866955886918797
jquery,drop-down-menu,58,0.04866955886918797
jquery,event-handling,57,0.04783042854385715
jquery,event-propagation,59,0.0495086891945188
jquery,flask-restless,59,0.0495086891945188
jquery,html,66,0.05538260147183459
jquery,html-input,60,0.05034781951984963
jquery,html-table,61,0.051186949845180456
jquery,jquery-selectors,65,0.054543471146503764
jquery,json,61,0.051186949845180456
jquery,layout,59,0.0495086891945188
jquery,pageload,57,0.04783042854385715
jquery,prop,59,0.0495086891945188
jquery,radio-button,59,0.0495086891945188
jquery,redirect,62,0.05202608017051128
jquery,refresh,57,0.04783042854385715
jquery,reload,58,0.04866955886918797
jquery,same-origin-policy,58,0.04866955886918797
jquery,scroll,57,0.04783042854385715
jquery,selected,58,0.04866955886918797
jquery,undefined,68,0.057060862122496246
jquery,url,69,0.05789999244782707
jquery,variables,64,0.05370434082117294
jquery,visibility,61,0.051186949845180456
jquery,xmlhttprequest,59,0.0495086891945188
jquery-selectors,radio-button,5,0.004195651626654136
jslint,use-strict,8,0.006713042602646617
json,ajax,31,0.02601304008525564
json,command-line,31,0.02601304008525564
json,comments,21,0.017621736831947368
json,content-type,23,0.019299997482609025
json,curl,23,0.019299997482609025
json,format,22,0.0184608671572782
json,http-headers,25,0.02097825813327068
json,jsonp,21,0.017621736831947368
json,pretty-print,25,0.02097825813327068
json,rest,23,0.019299997482609025
json,security,27,0.022656518783932333
json,spring-mvc,23,0.019299997482609025
json,terminology,30,0.025173909759924815
json,unix,24,0.020139127807939854
jsonp,terminology,12,0.010069563903969927
junit,assert,6,0.005034781951984963
junit,junit4,5,0.004195651626654136
junit4,assert,5,0.004195651626654136
jython,android-scripting,6,0.005034781951984963
jython,ase,5,0.004195651626654136
ksh,aix,5,0.004195651626654136
ksh,mkdir,6,0.005034781951984963
language-agnostic,article,19,0.015943476181285714
language-agnostic,dependency-injection,14,0.01174782455463158
language-agnostic,dynamic-memory-allocation,19,0.015943476181285714
language-agnostic,floating-accuracy,14,0.01174782455463158
language-agnostic,floating-point,18,0.015104345855954888
language-agnostic,heap,17,0.014265215530624062
language-agnostic,matching,14,0.01174782455463158
language-agnostic,terminology,22,0.0184608671572782
language-design,default-parameters,8,0.006713042602646617
language-design,least-astonishment,5,0.004195651626654136
language-lawyer,memory-model,5,0.004195651626654136
layout,cross-browser,10,0.008391303253308271
layout,dimensions,8,0.006713042602646617
layout,pixel,7,0.00587391227731579
layout,screen,6,0.005034781951984963
letter,capitalize,4,0.0033565213013233086
linux,bash,20,0.016782606506616542
linux,chmod,23,0.019299997482609025
linux,command-line,30,0.025173909759924815
linux,directory,36,0.030208691711909777
linux,echo,22,0.0184608671572782
linux,find,26,0.021817388458601508
linux,grep,24,0.020139127807939854
linux,permissions,19,0.015943476181285714
linux,profiling,20,0.016782606506616542
linux,shell,27,0.022656518783932333
linux,symlink,19,0.015943476181285714
linux,terminal-color,22,0.0184608671572782
linux,text,20,0.016782606506616542
list,append,23,0.019299997482609025
list,chunks,21,0.017621736831947368
list,clone,28,0.02349564910926316
list,concatenation,20,0.016782606506616542
list,copy,24,0.020139127807939854
list,data-structures,26,0.021817388458601508
list,dictionary,32,0.02685217041058647
list,extend,22,0.0184608671572782
list,flatten,21,0.017621736831947368
list,indexing,25,0.02097825813327068
list,iterable,21,0.017621736831947368
list,multidimensional-array,20,0.016782606506616542
list,random,26,0.021817388458601508
list,slice,21,0.017621736831947368
list,sorting,24,0.020139127807939854
list,split,24,0.020139127807939854
listview,android-edittext,7,0.00587391227731579
listview,focus,7,0.00587391227731579
listview,universal-image-loader,8,0.006713042602646617
listview,url,18,0.015104345855954888
logging,command-line-interface,5,0.004195651626654136
logging,grep,8,0.006713042602646617
logic,2048,7,0.00587391227731579
logic,artificial-intelligence,6,0.005034781951984963
logic,operators,20,0.016782606506616542
logic,symbols,8,0.006713042602646617
loops,closures,30,0.025173909759924815
loops,each,23,0.019299997482609025
loops,enumeration,24,0.020139127807939854
loops,enums,28,0.02349564910926316
loops,for-loop,31,0.02601304008525564
loops,foreach,25,0.02097825813327068
loops,hashmap,24,0.020139127807939854
loops,iteration,37,0.031047822037240602
loops,list,34,0.028530431061248123
loops,nested-loops,22,0.0184608671572782
loops,object,28,0.02349564910926316
loops,php-internals,24,0.020139127807939854
loops,system.out,24,0.020139127807939854
macos,command-line,15,0.012586954879962408
macos,process,4,0.0033565213013233086
macos,terminal,12,0.010069563903969927
magic-methods,repr,3,0.0025173909759924817
main,idioms,18,0.015104345855954888
main,python-module,10,0.008391303253308271
makefile,phony-target,2,0.0016782606506616543
malloc,casting,10,0.008391303253308271
markdown,github-flavored-markdown,4,0.0033565213013233086
markdown,readme,5,0.004195651626654136
math,floating-accuracy,6,0.005034781951984963
math,floating-point,10,0.008391303253308271
math,language-agnostic,17,0.014265215530624062
matplotlib,plot,5,0.004195651626654136
matplotlib,visualization,6,0.005034781951984963
maven-2,build-automation,6,0.005034781951984963
maven-2,build-process,5,0.004195651626654136
maven-2,executable-jar,7,0.00587391227731579
memory,memory-leaks,3,0.0025173909759924817
memory-management,dynamic-memory-allocation,16,0.013426085205293235
memory-management,heap,14,0.01174782455463158
memory-management,language-agnostic,22,0.0184608671572782
memory-management,stack,10,0.008391303253308271
merge-conflict-resolution,git-merge-conflict,11,0.0092304335786391
metaclass,python-class,10,0.008391303253308271
metaclass,python-datamodel,12,0.010069563903969927
methods,parameter-passing,15,0.012586954879962408
methods,pass-by-reference,16,0.013426085205293235
methods,pass-by-value,15,0.012586954879962408
methods,python-decorators,12,0.010069563903969927
model-view-controller,design-patterns,6,0.005034781951984963
model-view-controller,mvp,7,0.00587391227731579
model-view-controller,terminology,14,0.01174782455463158
module,package,5,0.004195651626654136
module,python-packaging,5,0.004195651626654136
multidimensional-array,flatten,4,0.0033565213013233086
multiline,heredoc,4,0.0033565213013233086
multithreading,c++11,10,0.008391303253308271
multithreading,implements,9,0.007552172927977444
multithreading,java-threads,10,0.008391303253308271
multithreading,language-lawyer,9,0.007552172927977444
multithreading,memory-model,10,0.008391303253308271
multithreading,runnable,8,0.006713042602646617
mysql,command-line,21,0.017621736831947368
mysql,datetime,22,0.0184608671572782
mysql,import,16,0.013426085205293235
mysql,security,17,0.014265215530624062
mysql,sql,12,0.010069563903969927
mysql,sql-injection,13,0.010908694229300754
mysql,sqldatatypes,12,0.010069563903969927
mysql,timestamp,14,0.01174782455463158
namespaces,c++-faq,41,0.03440434333856391
namespaces,code-organization,15,0.012586954879962408
namespaces,idioms,25,0.02097825813327068
namespaces,main,15,0.012586954879962408
namespaces,python-module,17,0.014265215530624062
namespaces,std,13,0.010908694229300754
namespaces,stylecop,14,0.01174782455463158
namespaces,using-directives,14,0.01174782455463158
networking,port,3,0.0025173909759924817
newline,vi,9,0.007552172927977444
node.js,arguments,22,0.0184608671572782
node.js,command-line-arguments,16,0.013426085205293235
node.js,dependencies,15,0.012586954879962408
node.js,npm,20,0.016782606506616542
node.js,package,16,0.013426085205293235
node.js,package.json,18,0.015104345855954888
node.js,semantic-versioning,16,0.013426085205293235
node.js,web-applications,15,0.012586954879962408
npm,bower,10,0.008391303253308271
npm,dependencies,9,0.007552172927977444
npm,gulp,9,0.007552172927977444
npm,package.json,12,0.010069563903969927
npm,semantic-versioning,10,0.008391303253308271
npm,webpack,11,0.0092304335786391
numbers,integer,12,0.010069563903969927
object,clone,14,0.01174782455463158
object,object-property,7,0.00587391227731579
object,undefined,17,0.014265215530624062
objective-c,atomic,6,0.005034781951984963
objective-c,nonatomic,7,0.00587391227731579
objective-c,properties,5,0.004195651626654136
oop,class-variables,19,0.015943476181285714
oop,design-patterns,18,0.015104345855954888
oop,inheritance,18,0.015104345855954888
oop,inversion-of-control,17,0.014265215530624062
oop,metaclass,19,0.015943476181285714
oop,methods,19,0.015943476181285714
oop,python-class,21,0.017621736831947368
oop,python-datamodel,23,0.019299997482609025
oop,python-decorators,20,0.016782606506616542
oop,scope,30,0.025173909759924815
oop,static,18,0.015104345855954888
oop,super,19,0.015943476181285714
operator-overloading,c++-faq,31,0.02601304008525564
operators,assignment-operator,28,0.02349564910926316
operators,c++-faq,50,0.04195651626654136
operators,code-formatting,26,0.021817388458601508
operators,conditional-operator,26,0.021817388458601508
operators,equality,24,0.020139127807939854
operators,equality-operator,26,0.021817388458601508
operators,identity-operator,28,0.02349564910926316
operators,operator-overloading,22,0.0184608671572782
operators,standards-compliance,28,0.02349564910926316
operators,symbols,24,0.020139127807939854
operators,ternary-operator,24,0.020139127807939854
operators,trigraphs,22,0.0184608671572782
operators,variable-assignment,23,0.019299997482609025
optimization,branch-prediction,11,0.0092304335786391
optimization,href,7,0.00587391227731579
output,ansi-colors,4,0.0033565213013233086
overwrite,git-fetch,21,0.017621736831947368
overwrite,git-pull,14,0.01174782455463158
package,npm,9,0.007552172927977444
package,python-packaging,5,0.004195651626654136
package.json,semantic-versioning,4,0.0033565213013233086
padding,margin,3,0.0025173909759924817
pandas,dataframe,12,0.010069563903969927
pandas,rename,9,0.007552172927977444
pandas,replace,10,0.008391303253308271
parameter-passing,argument-unpacking,11,0.0092304335786391
parameter-passing,pass-by-reference,16,0.013426085205293235
parameter-passing,pass-by-value,15,0.012586954879962408
parameter-passing,variadic-functions,10,0.008391303253308271
parameters,arguments,11,0.0092304335786391
parameters,default-parameters,8,0.006713042602646617
parsing,floating-point,12,0.010069563903969927
parsing,html-parsing,9,0.007552172927977444
parsing,integer,16,0.013426085205293235
parsing,type-conversion,14,0.01174782455463158
parsing,xml-parsing,8,0.006713042602646617
pass-by-reference,pass-by-value,10,0.008391303253308271
passwords,char,5,0.004195651626654136
path,directory,20,0.016782606506616542
path,operating-system,6,0.005034781951984963
performance,android-emulator,26,0.021817388458601508
performance,branch-prediction,32,0.02685217041058647
performance,compiler-optimization,31,0.02601304008525564
performance,database-indexes,28,0.02349564910926316
performance,dynamic,27,0.022656518783932333
performance,for-loop,35,0.02936956138657895
performance,function,32,0.02685217041058647
performance,genymotion,27,0.022656518783932333
performance,href,28,0.02349564910926316
performance,indexing,31,0.02601304008525564
performance,loops,43,0.03608260398922557
performance,optimization,36,0.030208691711909777
performance,python-3.x,28,0.02349564910926316
performance,python-internals,28,0.02349564910926316
performance,qemu,28,0.02349564910926316
performance,range,27,0.022656518783932333
performance,sqlite,26,0.021817388458601508
performance,system.out,28,0.02349564910926316
performance,vectorization,27,0.022656518783932333
performance,x86,26,0.021817388458601508
permissions,chmod,8,0.006713042602646617
permissions,directory,21,0.017621736831947368
permissions,ssh,4,0.0033565213013233086
php,arguments,39,0.03272608268790226
php,arrays,48,0.04027825561587971
php,class,33,0.027691300735917294
php,contains,38,0.03188695236257143
php,curl,34,0.028530431061248123
php,foreach,35,0.02936956138657895
php,html-parsing,34,0.028530431061248123
php,iteration,47,0.039439125290548875
php,logic,33,0.027691300735917294
php,loops,49,0.04111738594121053
php,mysql,32,0.02685217041058647
php,oop,39,0.03272608268790226
php,operators,46,0.03859999496521805
php,parsing,33,0.027691300735917294
php,php-internals,34,0.028530431061248123
php,scope,45,0.037760864639887225
php,security,38,0.03188695236257143
php,sql,33,0.027691300735917294
php,sql-injection,34,0.028530431061248123
php,string,55,0.04615216789319549
php,string-matching,40,0.033565213013233085
php,substring,43,0.03608260398922557
php,symbols,34,0.028530431061248123
php,unset,35,0.02936956138657895
php,xml,31,0.02601304008525564
php,xml-parsing,33,0.027691300735917294
php,youtube,32,0.02685217041058647
php,youtube-api,33,0.027691300735917294
php,youtube-data-api,34,0.028530431061248123
pip,easy-install,5,0.004195651626654136
pixel,dimensions,5,0.004195651626654136
placeholder,html-input,6,0.005034781951984963
plot,visualization,5,0.004195651626654136
plugins,query-string,4,0.0033565213013233086
pointers,c++-faq,37,0.031047822037240602
pointers,c++11,11,0.0092304335786391
pointers,casting,16,0.013426085205293235
pointers,reference,10,0.008391303253308271
pointers,smart-pointers,10,0.008391303253308271
polygon,css-shapes,4,0.0033565213013233086
post,put,8,0.006713042602646617
postgresql,psql,3,0.0025173909759924817
postgresql,table-structure,4,0.0033565213013233086
powershell,windows-server-2008-r2,2,0.0016782606506616543
printf,string.format,3,0.0025173909759924817
private,access-modifiers,7,0.00587391227731579
private,protected,6,0.005034781951984963
private,public,5,0.004195651626654136
properties,atomic,5,0.004195651626654136
properties,nonatomic,6,0.005034781951984963
protected,access-modifiers,5,0.004195651626654136
psql,table-structure,3,0.0025173909759924817
public,access-modifiers,6,0.005034781951984963
public,protected,5,0.004195651626654136
pull-request,git-fork,5,0.004195651626654136
python,android-scripting,197,0.16530867409017294
python,ansi-colors,196,0.16446954376484213
python,append,198,0.16614780441550378
python,argument-unpacking,197,0.16530867409017294
python,ase,196,0.16446954376484213
python,benchmarking,195,0.1636304134395113
python,c++,196,0.16446954376484213
python,chunks,196,0.16446954376484213
python,class,196,0.16446954376484213
python,class-variables,197,0.16530867409017294
python,clone,203,0.17034345604215792
python,command,201,0.16866519539149627
python,concatenation,195,0.1636304134395113
python,conditional-operator,199,0.1669869347408346
python,contains,201,0.16866519539149627
python,copy,199,0.1669869347408346
python,coroutine,201,0.16866519539149627
python,data-structures,201,0.16866519539149627
python,dataframe,200,0.16782606506616543
python,datetime,206,0.17286084701815038
python,decorator,194,0.16279128311418048
python,default-parameters,199,0.1669869347408346
python,delay,194,0.16279128311418048
python,delete-file,199,0.1669869347408346
python,dictionary,207,0.17369997734348122
python,directory,211,0.17705649864480452
python,easy-install,197,0.16530867409017294
python,environment-variables,194,0.16279128311418048
python,exception,199,0.1669869347408346
python,exception-handling,198,0.16614780441550378
python,extend,197,0.16530867409017294
python,file,200,0.16782606506616543
python,file-copying,199,0.1669869347408346
python,file-exists,197,0.16530867409017294
python,file-io,199,0.1669869347408346
python,filesystems,196,0.16446954376484213
python,flatten,196,0.16446954376484213
python,floating-point,200,0.16782606506616543
python,generator,197,0.16530867409017294
python,getline,197,0.16530867409017294
python,global-variables,194,0.16279128311418048
python,graph,194,0.16279128311418048
python,idioms,207,0.17369997734348122
python,indexing,200,0.16782606506616543
python,inheritance,196,0.16446954376484213
python,installation,195,0.1636304134395113
python,integer,204,0.17118258636748873
python,iostream,196,0.16446954376484213
python,iterable,196,0.16446954376484213
python,iterator,195,0.1636304134395113
python,jython,195,0.1636304134395113
python,language-design,194,0.16279128311418048
python,least-astonishment,196,0.16446954376484213
python,list,207,0.17369997734348122
python,lookup,195,0.1636304134395113
python,loops,212,0.17789562897013536
python,lowercase,196,0.16446954376484213
python,magic-methods,194,0.16279128311418048
python,main,197,0.16530867409017294
python,matplotlib,195,0.1636304134395113
python,merge,197,0.16530867409017294
python,metaclass,197,0.16530867409017294
python,methods,197,0.16530867409017294
python,module,194,0.16279128311418048
python,multidimensional-array,195,0.1636304134395113
python,namespaces,198,0.16614780441550378
python,newline,199,0.1669869347408346
python,object,201,0.16866519539149627
python,oop,202,0.16950432571682708
python,operating-system,197,0.16530867409017294
python,operators,209,0.17537823799414287
python,output,195,0.1636304134395113
python,package,196,0.16446954376484213
python,pandas,196,0.16446954376484213
python,parameter-passing,201,0.16866519539149627
python,parsing,196,0.16446954376484213
python,pass-by-reference,202,0.16950432571682708
python,path,195,0.1636304134395113
python,performance,207,0.17369997734348122
python,pip,197,0.16530867409017294
python,plot,196,0.16446954376484213
python,python-3.x,197,0.16530867409017294
python,python-class,199,0.1669869347408346
python,python-datamodel,201,0.16866519539149627
python,python-decorators,198,0.16614780441550378
python,python-internals,197,0.16530867409017294
python,python-module,199,0.1669869347408346
python,python-packaging,196,0.16446954376484213
python,random,201,0.16866519539149627
python,range,196,0.16446954376484213
python,readlines,196,0.16446954376484213
python,reference,196,0.16446954376484213
python,rename,197,0.16530867409017294
python,replace,198,0.16614780441550378
python,repr,195,0.1636304134395113
python,scope,208,0.17453910766881206
python,shell,202,0.16950432571682708
python,sleep,196,0.16446954376484213
python,slice,196,0.16446954376484213
python,sorting,199,0.1669869347408346
python,split,199,0.1669869347408346
python,static,196,0.16446954376484213
python,string,218,0.1829304109221203
python,subprocess,199,0.1669869347408346
python,substring,206,0.17286084701815038
python,super,197,0.16530867409017294
python,syntax,203,0.17034345604215792
python,terminal,202,0.16950432571682708
python,ternary-operator,197,0.16530867409017294
python,time,195,0.1636304134395113
python,timedelay,196,0.16446954376484213
python,type-conversion,202,0.16950432571682708
python,typeof,196,0.16446954376484213
python,types,201,0.16866519539149627
python,unset,198,0.16614780441550378
python,uppercase,195,0.1636304134395113
python,variadic-functions,196,0.16446954376484213
python,visualization,197,0.16530867409017294
python,windows,194,0.16279128311418048
python,yield,199,0.1669869347408346
python-3.x,python-internals,6,0.005034781951984963
python-3.x,range,5,0.004195651626654136
python-class,python-datamodel,10,0.008391303253308271
python-module,idioms,16,0.013426085205293235
r,r-faq,2,0.0016782606506616543
random,integer,13,0.010908694229300754
range,python-internals,5,0.004195651626654136
rebase,git-rebase,7,0.00587391227731579
rebase,git-squash,7,0.00587391227731579
rebase,squash,6,0.005034781951984963
rebase,undo,15,0.012586954879962408
recovery,git-stash,7,0.00587391227731579
reference,c++-faq,33,0.027691300735917294
reference,parameter-passing,11,0.0092304335786391
reference,pass-by-reference,12,0.010069563903969927
reflection,terminology,12,0.010069563903969927
refresh,reload,4,0.0033565213013233086
regex,capturing-group,11,0.0092304335786391
regex,email,15,0.012586954879962408
regex,email-validation,17,0.014265215530624062
regex,regex-group,12,0.010069563903969927
regex,regex-negation,11,0.0092304335786391
regex,string-parsing,14,0.01174782455463158
regex,validation,14,0.01174782455463158
remote-server,delete-file,8,0.006713042602646617
remote-server,git-rm,15,0.012586954879962408
replace,dataframe,12,0.010069563903969927
replace,escaping,7,0.00587391227731579
replace,newline,11,0.0092304335786391
replace,rename,9,0.007552172927977444
replace,vi,13,0.010908694229300754
repository,delete-file,13,0.010908694229300754
repository,git-branch,39,0.03272608268790226
repository,git-clone,14,0.01174782455463158
repository,git-push,20,0.016782606506616542
repository,git-remote,23,0.019299997482609025
repository,git-rm,20,0.016782606506616542
repository,remote-server,9,0.007552172927977444
rest,curl,14,0.01174782455463158
rest,definition,12,0.010069563903969927
rest,http,14,0.01174782455463158
rest,http-get,12,0.010069563903969927
rest,http-headers,16,0.013426085205293235
rest,post,14,0.01174782455463158
rest,put,16,0.013426085205293235
rest,spring-mvc,14,0.01174782455463158
return,try-catch-finally,4,0.0033565213013233086
revert,git-checkout,11,0.0092304335786391
rounding,decimal-point,3,0.0025173909759924817
ruby,conditional-statements,4,0.0033565213013233086
ruby,switch-statement,3,0.0025173909759924817
runnable,implements,5,0.004195651626654136
runnable,java-threads,6,0.005034781951984963
same-origin-policy,flask-restless,5,0.004195651626654136
scope,closures,16,0.013426085205293235
scope,ecmascript-6,9,0.007552172927977444
scope,let,10,0.008391303253308271
scope,var,13,0.010908694229300754
screen,dimensions,6,0.005034781951984963
screen,pixel,5,0.004195651626654136
scripting,aix,8,0.006713042602646617
scripting,arguments,14,0.01174782455463158
scripting,getopts,9,0.007552172927977444
scripting,ksh,7,0.00587391227731579
scripting,mkdir,9,0.007552172927977444
search,command-line-interface,6,0.005034781951984963
search,grep,9,0.007552172927977444
search,logging,4,0.0033565213013233086
security,article,19,0.015943476181285714
security,authentication,16,0.013426085205293235
security,char,15,0.012586954879962408
security,http,15,0.012586954879962408
security,language-agnostic,25,0.02097825813327068
security,passwords,14,0.01174782455463158
security,sql-injection,15,0.012586954879962408
sed,in-place,5,0.004195651626654136
sed,text-parsing,4,0.0033565213013233086
selected,checked,5,0.004195651626654136
serialization,serialversionuid,3,0.0025173909759924817
setter,automatic-properties,5,0.004195651626654136
shell,aix,30,0.025173909759924815
shell,command,35,0.02936956138657895
shell,command-line,39,0.03272608268790226
shell,concat,30,0.025173909759924815
shell,copy,33,0.027691300735917294
shell,in-place,30,0.025173909759924815
shell,ksh,29,0.024334779434593987
shell,mkdir,31,0.02601304008525564
shell,posix,30,0.025173909759924815
shell,redirect,34,0.028530431061248123
shell,scp,30,0.025173909759924815
shell,scripting,35,0.02936956138657895
shell,sed,28,0.02349564910926316
shell,sh,31,0.02601304008525564
shell,split,33,0.027691300735917294
shell,string-concatenation,34,0.028530431061248123
shell,subprocess,33,0.027691300735917294
shell,substring,40,0.033565213013233085
shell,syntax,37,0.031047822037240602
shell,terminal,36,0.030208691711909777
shell,text-parsing,29,0.024334779434593987
shell,unix,32,0.02685217041058647
sleep,timedelay,4,0.0033565213013233086
slice,iterable,5,0.004195651626654136
slice,trim,4,0.0033565213013233086
smart-pointers,c++-faq,31,0.02601304008525564
soap,coldfusion,5,0.004195651626654136
soap,wsdl,6,0.005034781951984963
sorting,comparison,11,0.0092304335786391
sorting,data-structures,14,0.01174782455463158
sorting,dictionary,20,0.016782606506616542
sorting,language-agnostic,20,0.016782606506616542
sorting,matching,9,0.007552172927977444
split,chunks,5,0.004195651626654136
split,scripting,10,0.008391303253308271
spring,annotations,5,0.004195651626654136
spring,spring-mvc,6,0.005034781951984963
spring-mvc,annotations,6,0.005034781951984963
spring-mvc,curl,7,0.00587391227731579
spring-mvc,http-headers,9,0.007552172927977444
sql,command-line,39,0.03272608268790226
sql,csv,29,0.024334779434593987
sql,database,29,0.024334779434593987
sql,database-indexes,31,0.02601304008525564
sql,date,34,0.028530431061248123
sql,datetime,40,0.033565213013233085
sql,duplicates,28,0.02349564910926316
sql,group-concat,31,0.02601304008525564
sql,import,34,0.028530431061248123
sql,indexing,34,0.028530431061248123
sql,inner-join,30,0.025173909759924815
sql,join,29,0.024334779434593987
sql,outer-join,31,0.02601304008525564
sql,performance,41,0.03440434333856391
sql,security,35,0.02936956138657895
sql,select,30,0.025173909759924815
sql,sql-injection,31,0.02601304008525564
sql,sql-server,31,0.02601304008525564
sql,sql-server-2000,30,0.025173909759924815
sql,sql-server-2005,29,0.024334779434593987
sql,string-concatenation,34,0.028530431061248123
sql,tsql,33,0.027691300735917294
sql-server,csv,16,0.013426085205293235
sql-server,date,21,0.017621736831947368
sql-server,datetime,27,0.022656518783932333
sql-server,group-concat,18,0.015104345855954888
sql-server,select,17,0.014265215530624062
sql-server,sql-server-2000,17,0.014265215530624062
sql-server,sql-server-2005,16,0.013426085205293235
sql-server,sql-server-2008,15,0.012586954879962408
sql-server,sql-server-2012,17,0.014265215530624062
sql-server,sql-server-2016,18,0.015104345855954888
sql-server,string-concatenation,21,0.017621736831947368
sql-server,tsql,20,0.016782606506616542
sql-server-2005,sql-server-2000,4,0.0033565213013233086
sql-server-2008,sql-server-2012,6,0.005034781951984963
sql-server-2008,sql-server-2016,7,0.00587391227731579
sql-server-2008,tsql,9,0.007552172927977444
sql-server-2012,sql-server-2016,5,0.004195651626654136
sqlite,optimization,13,0.010908694229300754
squash,git-squash,4,0.0033565213013233086
stack,dynamic-memory-allocation,14,0.01174782455463158
stack,heap,12,0.010069563903969927
stack,language-agnostic,20,0.016782606506616542
static,class-variables,5,0.004195651626654136
std,c++-faq,32,0.02685217041058647
std,using-directives,5,0.004195651626654136
stream,inputstream,5,0.004195651626654136
string,alias,51,0.04279564659187218
string,bash,45,0.037760864639887225
string,capitalize,46,0.03859999496521805
string,case-insensitive,46,0.03859999496521805
string,char,47,0.039439125290548875
string,character-encoding,46,0.03859999496521805
string,contains,51,0.04279564659187218
string,conventions,45,0.037760864639887225
string,file,50,0.04195651626654136
string,filenames,45,0.037760864639887225
string,heredoc,46,0.03859999496521805
string,inputstream,47,0.039439125290548875
string,int,51,0.04279564659187218
string,io,45,0.037760864639887225
string,letter,45,0.037760864639887225
string,lowercase,46,0.03859999496521805
string,multiline,45,0.037760864639887225
string,passwords,46,0.03859999496521805
string,python-3.x,47,0.039439125290548875
string,random,51,0.04279564659187218
string,readlines,46,0.03859999496521805
string,replace,48,0.04027825561587971
string,security,51,0.04279564659187218
string,sh,47,0.039439125290548875
string,shell,52,0.043634776917203015
string,split,49,0.04111738594121053
string,stream,46,0.03859999496521805
string,string-matching,53,0.04447390724253384
string,substring,56,0.04699129821852632
string,type-conversion,52,0.043634776917203015
string,types,51,0.04279564659187218
string,uppercase,45,0.037760864639887225
string-concatenation,group-concat,5,0.004195651626654136
stylecop,code-organization,5,0.004195651626654136
subprocess,command,10,0.008391303253308271
substring,contains,14,0.01174782455463158
substring,sh,10,0.008391303253308271
substring,string-matching,16,0.013426085205293235
switch-statement,conditional-statements,3,0.0025173909759924817
syntax,argument-unpacking,16,0.013426085205293235
syntax,concat,15,0.012586954879962408
syntax,enums,20,0.016782606506616542
syntax,idioms,26,0.021817388458601508
syntax,jslint,16,0.013426085205293235
syntax,parameter-passing,20,0.016782606506616542
syntax,string-concatenation,19,0.015943476181285714
syntax,use-strict,18,0.015104345855954888
syntax,variadic-functions,15,0.012586954879962408
templates,c++-faq,32,0.02685217041058647
templates,undefined-reference,4,0.0033565213013233086
terminal,ansi-colors,9,0.007552172927977444
terminal,command,14,0.01174782455463158
terminal,output,8,0.006713042602646617
terminal,subprocess,12,0.010069563903969927
terminology,mvp,5,0.004195651626654136
ternary-operator,conditional-operator,8,0.006713042602646617
text,directory,24,0.020139127807939854
text,find,14,0.01174782455463158
text,grep,12,0.010069563903969927
text-parsing,in-place,4,0.0033565213013233086
tfs,changeset,6,0.005034781951984963
tfs,git-hash,7,0.00587391227731579
tfs,tfs-workitem,5,0.004195651626654136
tfs-workitem,changeset,5,0.004195651626654136
tfs-workitem,git-hash,6,0.005034781951984963
time-complexity,big-o,10,0.008391303253308271
time-complexity,javascript-objects,15,0.012586954879962408
timestamp,sqldatatypes,5,0.004195651626654136
timestamp,unix-timestamp,6,0.005034781951984963
timezone,datetimeoffset,7,0.00587391227731579
timezone,dst,6,0.005034781951984963
timezone,utc,5,0.004195651626654136
tsql,date,12,0.010069563903969927
tsql,datetime,18,0.015104345855954888
tsql,select,8,0.006713042602646617
tsql,sql-server-2012,8,0.006713042602646617
tsql,sql-server-2016,9,0.007552172927977444
type-conversion,integer,12,0.010069563903969927
types,alias,11,0.0092304335786391
types,typeof,6,0.005034781951984963
uikit,text-alignment,6,0.005034781951984963
uikit,uilabel,5,0.004195651626654136
uilabel,text-alignment,5,0.004195651626654136
undefined,object-property,4,0.0033565213013233086
undefined-reference,c++-faq,31,0.02601304008525564
undo,git-merge,9,0.007552172927977444
unit-testing,tdd,3,0.0025173909759924817
unix,command-line,17,0.014265215530624062
unix,format,8,0.006713042602646617
unix,posix,8,0.006713042602646617
unix,pretty-print,11,0.0092304335786391
unix,redirect,12,0.010069563903969927
updates,git-fork,6,0.005034781951984963
updates,pull-request,5,0.004195651626654136
uppercase,lowercase,4,0.0033565213013233086
uri,rfc3986,6,0.005034781951984963
uri,urn,5,0.004195651626654136
url,browser,21,0.017621736831947368
url,encode,15,0.012586954879962408
url,friendly-url,17,0.014265215530624062
url,git-remote,29,0.024334779434593987
url,plugins,15,0.012586954879962408
url,query-string,16,0.013426085205293235
url,rfc3986,17,0.014265215530624062
url,universal-image-loader,17,0.014265215530624062
url,uri,15,0.012586954879962408
url,url-rewriting,16,0.013426085205293235
url,urlencode,16,0.013426085205293235
url,urn,16,0.013426085205293235
url-rewriting,friendly-url,5,0.004195651626654136
urn,rfc3986,5,0.004195651626654136
user-interface,design-patterns,11,0.0092304335786391
user-interface,dimension,14,0.01174782455463158
user-interface,model-view-controller,9,0.007552172927977444
user-interface,mvp,12,0.010069563903969927
user-interface,terminology,19,0.015943476181285714
user-interface,units-of-measurement,16,0.013426085205293235
using-directives,c++-faq,31,0.02601304008525564
utc,datetimeoffset,6,0.005034781951984963
utc,dst,5,0.004195651626654136
vagrant,docker,2,0.0016782606506616543
validation,email,11,0.0092304335786391
validation,email-validation,13,0.010908694229300754
validation,numbers,10,0.008391303253308271
validation,string-parsing,10,0.008391303253308271
var,let,5,0.004195651626654136
variable-assignment,assignment-operator,9,0.007552172927977444
variables,closures,20,0.016782606506616542
variables,initialization,15,0.012586954879962408
variables,scope,25,0.02097825813327068
variables,undefined,23,0.019299997482609025
variables,var,17,0.014265215530624062
variadic-functions,argument-unpacking,5,0.004195651626654136
vb.net,nullreferenceexception,6,0.005034781951984963
vectorization,compiler-optimization,8,0.006713042602646617
version-control,branch,42,0.035243473663894735
version-control,feature-branch,35,0.02936956138657895
version-control,git-branch,63,0.052865210495842106
version-control,git-checkout,41,0.03440434333856391
version-control,git-commit,39,0.03272608268790226
version-control,git-fetch,48,0.04027825561587971
version-control,git-filter-branch,33,0.027691300735917294
version-control,git-merge,39,0.03272608268790226
version-control,git-merge-conflict,40,0.033565213013233085
version-control,git-pull,41,0.03440434333856391
version-control,git-push,44,0.0369217343145564
version-control,git-remote,47,0.039439125290548875
version-control,git-rewrite-history,39,0.03272608268790226
version-control,git-rm,44,0.0369217343145564
version-control,gitignore,38,0.03188695236257143
version-control,overwrite,35,0.02936956138657895
version-control,undo,42,0.035243473663894735
versioning,homebrew,3,0.0025173909759924817
vim,commit-message,17,0.014265215530624062
vim,editor,17,0.014265215530624062
vim,emacs,15,0.012586954879962408
vim,escaping,15,0.012586954879962408
vim,full-text-search,14,0.01174782455463158
vim,highlight,19,0.015943476181285714
vim,indentation,15,0.012586954879962408
vim,newline,19,0.015943476181285714
vim,replace,18,0.015104345855954888
vim,vi,21,0.017621736831947368
virtual-machine,virtualization,4,0.0033565213013233086
visual-studio,.net-framework-version,5,0.004195651626654136
visual-studio,compiler-version,6,0.005034781951984963
windows,command-line,19,0.015943476181285714
windows,easy-install,11,0.0092304335786391
windows,installation,9,0.007552172927977444
windows,networking,8,0.006713042602646617
windows,path-variables,9,0.007552172927977444
windows,pip,11,0.0092304335786391
windows,port,9,0.007552172927977444
x86,compiler-optimization,9,0.007552172927977444
x86,vectorization,5,0.004195651626654136
xcode,command-line,16,0.013426085205293235
xcode,git,5,0.004195651626654136
xcode,macos,6,0.005034781951984963
xcode,terminal,13,0.010908694229300754
xml,html-parsing,7,0.00587391227731579
xml,parsing,6,0.005034781951984963
xml,xml-parsing,6,0.005034781951984963
xml-parsing,html-parsing,5,0.004195651626654136
yield,coroutine,10,0.008391303253308271
youtube,youtube-api,5,0.004195651626654136
youtube,youtube-data-api,6,0.005034781951984963
youtube-api,youtube-data-api,5,0.004195651626654136
